MUTATION,DeltaG_tool1
F30.A{A},-2.226
F30.A{C},-0.856
F30.A{D},-2.931
F30.A{E},-2.674
F30.A{G},-2.693
F30.A{H},-2.052
F30.A{I},-0.685
F30.A{K},-1.489
F30.A{L},-0.685
F30.A{M},-0.447
F30.A{N},-2.18
F30.A{P},-1.215
F30.A{Q},-1.895
F30.A{R},-1.634
F30.A{S},-2.557
F30.A{T},-2.169
F30.A{V},-1.215
F30.A{W},-0.08
F30.A{Y},-0.494
K31.A{A},-0.781
K31.A{C},-0.673
K31.A{D},-0.72
K31.A{E},-0.565
K31.A{F},-0.445
K31.A{G},-1.2
K31.A{H},-1.753
K31.A{I},0.338
K31.A{L},0.338
K31.A{M},0.347
K31.A{N},-0.863
K31.A{P},-0.006
K31.A{Q},-0.822
K31.A{R},-0.908
K31.A{S},-1.428
K31.A{T},-1.043
K31.A{V},-0.006
K31.A{W},-0.409
K31.A{Y},-0.076
Q32.A{A},-0.329
Q32.A{C},0.327
Q32.A{D},-0.248
Q32.A{E},-0.239
Q32.A{F},-0.375
Q32.A{G},-0.593
Q32.A{H},-0.682
Q32.A{I},0.298
Q32.A{K},-0.131
Q32.A{L},0.298
Q32.A{M},0.779
Q32.A{N},-0.483
Q32.A{P},0.12
Q32.A{R},-0.06
Q32.A{S},-0.474
Q32.A{T},-0.295
Q32.A{V},0.12
Q32.A{W},-0.343
Q32.A{Y},-0.102
Y33.A{A},-1.724
Y33.A{C},-0.704
Y33.A{D},0.037
Y33.A{E},0.108
Y33.A{F},-0.739
Y33.A{G},-2.034
Y33.A{H},-0.725
Y33.A{I},-0.817
Y33.A{K},-0.73
Y33.A{L},-0.817
Y33.A{M},-0.562
Y33.A{N},-0.999
Y33.A{P},-1.11
Y33.A{Q},-0.868
Y33.A{R},-0.446
Y33.A{S},-1.588
Y33.A{T},-1.411
Y33.A{V},-1.11
Y33.A{W},-0.523
A34.A{C},-1.604
A34.A{D},-2.372
A34.A{E},-2.186
A34.A{F},-0.896
A34.A{G},-1.587
A34.A{H},-2.144
A34.A{I},0.21
A34.A{K},-1.408
A34.A{L},0.21
A34.A{M},-0.095
A34.A{N},-1.724
A34.A{P},-0.18
A34.A{Q},-1.53
A34.A{R},-1.497
A34.A{S},-2.171
A34.A{T},-1.838
A34.A{V},-0.18
A34.A{W},-1.648
A34.A{Y},-1.082
D36.A{A},-0.483
D36.A{C},0.014
D36.A{E},-0.394
D36.A{F},-0.478
D36.A{G},-0.691
D36.A{H},-0.478
D36.A{I},0.024
D36.A{K},0.053
D36.A{L},0.024
D36.A{M},0.341
D36.A{N},-0.197
D36.A{P},-0.123
D36.A{Q},-0.145
D36.A{R},0.174
D36.A{S},-0.314
D36.A{T},-0.152
D36.A{V},-0.123
D36.A{W},-0.355
D36.A{Y},-0.265
N37.A{A},-0.694
N37.A{C},0.142
N37.A{D},0.115
N37.A{E},0.149
N37.A{F},-0.881
N37.A{G},-0.942
N37.A{H},-0.84
N37.A{I},-0.104
N37.A{K},0.027
N37.A{L},-0.104
N37.A{M},0.27
N37.A{P},-0.272
N37.A{Q},-0.497
N37.A{R},0.01
N37.A{S},-0.473
N37.A{T},-0.252
N37.A{V},-0.272
N37.A{W},-0.752
N37.A{Y},-0.513
G38.A{A},-0.237
G38.A{C},-0.787
G38.A{D},-0.737
G38.A{E},-0.911
G38.A{F},-1.077
G38.A{H},-0.548
G38.A{I},-0.411
G38.A{K},-0.774
G38.A{L},-0.411
G38.A{M},-0.344
G38.A{N},-0.387
G38.A{P},-0.321
G38.A{Q},-0.711
G38.A{R},-0.306
G38.A{S},-0.489
G38.A{T},-0.601
G38.A{V},-0.321
G38.A{W},-1.232
G38.A{Y},-0.873
V39.A{A},-1.568
V39.A{C},-1.722
V39.A{D},-2.08
V39.A{E},-2.055
V39.A{F},-1.401
V39.A{G},-1.899
V39.A{H},-1.476
V39.A{I},-0.739
V39.A{K},-1.319
V39.A{L},-0.739
V39.A{M},-0.766
V39.A{N},-1.326
V39.A{P},-0.983
V39.A{Q},-1.516
V39.A{R},-0.858
V39.A{S},-1.856
V39.A{T},-1.714
V39.A{W},-1.612
V39.A{Y},-1.268
D40.A{A},-0.306
D40.A{C},-0.039
D40.A{E},-0.437
D40.A{F},0.036
D40.A{G},-0.604
D40.A{H},-0.109
D40.A{I},0.457
D40.A{K},0.112
D40.A{L},0.457
D40.A{M},0.685
D40.A{N},-0.341
D40.A{P},0.228
D40.A{Q},-0.222
D40.A{R},0.27
D40.A{S},-0.493
D40.A{T},-0.245
D40.A{V},0.228
D40.A{W},0.222
D40.A{Y},0.292
W43.A{A},-2.826
W43.A{C},-1.562
W43.A{D},-1.429
W43.A{E},-1.326
W43.A{F},-1.642
W43.A{G},-3.059
W43.A{H},-1.534
W43.A{I},-1.99
W43.A{K},-1.788
W43.A{L},-1.99
W43.A{M},-1.598
W43.A{N},-2.2
W43.A{P},-2.287
W43.A{Q},-2.08
W43.A{R},-1.394
W43.A{S},-2.678
W43.A{T},-2.526
W43.A{V},-2.287
W43.A{Y},-1.517
